"event_id","event_date","event_date_basis","region","countries_or_territories","other_actors","indicator_category","event_type","event_title","reported_event_details","reported_economic_effects","reported_political_security_consequences","reported_humanitarian_effects","analytical_implications","war_causation_mechanisms","indicator_direction_analyst_assessment","metric_name","metric_value","metric_unit","metric_reference_period","metric_status","metric_qualifier","evidence_status","source_publisher","source_publication_date","source_url","additional_source_url","limitations","as_of_date","coverage_scope"
"GCI2026-001","2026-01-03","Event or announcement date","Latin America and Caribbean","United States; Venezuela","","Interstate combat and intervention","Military action","U.S. operation captures Venezuelan president","U.S. forces captured Nicolas Maduro and his wife in Venezuela. Trump said Washington would oversee a transition.","","Venezuelan leadership was removed by an external military operation.","","Intervention links sovereignty disputes, regime change and resource interests; it can alter other states' expectations about the use of force.","Power and resources; domestic political incentives","Escalatory","","","","","","","News reporting; claims remain attributed where indicated","Reuters","2026-01-03","https://www.reuters.com/world/americas/loud-noises-heard-venezuela-capital-southern-area-without-electricity-2026-01-03/","","The U.S. statement about running Venezuela was an announced intention, not proof of complete administrative control.","2026-09-08","Selected major events and indicator releases through 2026-09-08; not exhaustive. Blank means not reported in cited source. Country listing does not imply belligerency. Analytical implications, mechanisms and direction are judgments, not WWIII criteria or probabilities."
"GCI2026-002","2026-01-08","Publication or assessment date; reference period may differ","Southeast Asia","Myanmar","Military authorities; National League for Democracy; UN Special Rapporteur","Domestic institutions and legitimacy","Assessment release","UN expert challenges legitimacy of Myanmar election","A UN expert criticized the military-organized election and exclusion of major opposition forces, including the National League for Democracy.","","The assessment disputed the election's claim to political legitimacy.","","Excluding opponents can weaken peaceful bargaining and prolong incentives for armed resistance.","Domestic political incentives; commitment problems","Escalatory","","","","","","","Primary institutional statement or assessment; see limitations","OHCHR / UN Special Rapporteur","2026-01-08","https://www.ohchr.org/en/press-releases/2026/01/un-expert-first-round-voting-myanmar-exposes-junta-orchestrated-election","","This is an attributed UN expert assessment. Voting began in 2025; the recorded event is the January 2026 assessment.","2026-09-08","Selected major events and indicator releases through 2026-09-08; not exhaustive. Blank means not reported in cited source. Country listing does not imply belligerency. Analytical implications, mechanisms and direction are judgments, not WWIII criteria or probabilities."
"GCI2026-003","2026-01-15","Report date; police statement issued the previous evening","Horn of Africa","Ethiopia; Eritrea","Ethiopian federal police; Fano rebels","Interstate tensions and proxy support","Attributed allegation","Ethiopia accuses Eritrea of supplying rebels","Ethiopian police alleged Eritrean support for rebels and reported an ammunition seizure in Amhara.","","The allegation intensified a diplomatic feud between the neighboring states.","","Alleged external support for insurgents can connect civil conflict to interstate confrontation.","Security dilemma; proxy support; private information","Escalatory","","","","","","","Attributed claim or assessment; not independently established here","Reuters","2026-01-15","https://www.reuters.com/world/africa/ethiopia-accuses-eritrea-arming-rebels-escalating-war-words-2026-01-15/","","External sponsorship is an allegation attributed to Ethiopian authorities, not independently established here.","2026-09-08","Selected major events and indicator releases through 2026-09-08; not exhaustive. Blank means not reported in cited source. Country listing does not imply belligerency. Analytical implications, mechanisms and direction are judgments, not WWIII criteria or probabilities."
"GCI2026-004","2026-01-17","Event or announcement date","Europe and South America","Argentina; Brazil; Paraguay; Uruguay","European Union","Trade integration and diplomacy","Agreement signed","EU and Mercosur sign partnership and trade agreements","The European Union and Mercosur signed a partnership agreement and an interim trade agreement.","","The agreements formalized closer interregional economic and political ties.","","Trade diversification can strengthen cooperation while reducing dependence on individual large markets.","Economic interdependence; institutional cooperation","De-escalatory","","","","","","","Primary institutional statement or assessment; see limitations","European Commission","","https://policy.trade.ec.europa.eu/eu-trade-relationships-country-and-region/countries-and-regions/mercosur/eu-mercosur-agreement_en","","Signature is distinct from ratification and entry into force. The Commission records provisional application of the interim agreement from May 1.","2026-09-08","Selected major events and indicator releases through 2026-09-08; not exhaustive. Blank means not reported in cited source. Country listing does not imply belligerency. Analytical implications, mechanisms and direction are judgments, not WWIII criteria or probabilities."
"GCI2026-005","2026-01-17","Event or announcement date","Arctic and Europe","United States; Denmark; Norway; Sweden; France; Germany; Netherlands; Finland; United Kingdom","Greenland; NATO","Trade coercion and sanctions","Policy announcement","U.S. threatens tariffs over Greenland","Trump threatened additional tariffs on eight European states in connection with his demand to acquire Greenland.","An additional 10 percent tariff was proposed for February 1.","The dispute placed economic pressure on NATO allies over territorial sovereignty.","","Economic coercion within an alliance can weaken trust and complicate collective deterrence.","Territorial claims; alliance cohesion; coercive bargaining","Escalatory","Proposed additional tariff","10","percent","Proposed for 2026-02-01","Announced","exact","News reporting; claims remain attributed where indicated","Reuters","2026-01-17","https://www.reuters.com/world/europe/trump-vows-tariffs-eight-european-nations-over-greenland-2026-01-17/","","Threatened tariffs were subsequently withdrawn on January 21; do not count them as implemented.","2026-09-08","Selected major events and indicator releases through 2026-09-08; not exhaustive. Blank means not reported in cited source. Country listing does not imply belligerency. Analytical implications, mechanisms and direction are judgments, not WWIII criteria or probabilities."
"GCI2026-006","2026-01-21","Event or announcement date","Arctic and Europe","United States; Denmark; Norway; Sweden; France; Germany; Netherlands; Finland; United Kingdom","Greenland; NATO","Diplomacy and crisis management","Policy reversal","U.S. withdraws Greenland-linked tariff threat","Following a meeting with NATO's secretary general, Trump withdrew the tariffs scheduled for February 1 and described a framework for further talks.","The announced additional tariff shock was averted at that point.","The reversal reduced immediate friction with European allies.","","This is evidence of bargaining and restraint within an escalating dispute.","Coercive bargaining; alliance management","De-escalatory","","","","","","","News reporting; claims remain attributed where indicated","Reuters","2026-01-21","https://www.reuters.com/business/davos/trump-says-no-tariffs-next-month-after-agreeing-outline-greenland-deal-2026-01-21/","","A framework announcement did not settle Greenland's sovereignty or eliminate the broader dispute.","2026-09-08","Selected major events and indicator releases through 2026-09-08; not exhaustive. Blank means not reported in cited source. Country listing does not imply belligerency. Analytical implications, mechanisms and direction are judgments, not WWIII criteria or probabilities."
"GCI2026-007","2026-01-22","Event or announcement date","South America","Colombia; Ecuador","","Trade coercion and sanctions","Policy announcement","Colombia suspends electricity sales during tariff dispute","Colombia announced tariffs on selected Ecuadorian goods and suspended electricity exports after Ecuador's tariff announcement.","Electricity trade was interrupted; Colombia announced 30 percent tariffs on 20 products.","Border-security accusations became a bilateral trade dispute.","","Interdependence can become a coercive instrument when energy supply and security accusations are linked.","Economic coercion; resource security","Escalatory","Announced Colombian retaliatory tariff","30","percent","2026-01 announcement","Announced","exact","News reporting; claims remain attributed where indicated","Reuters","2026-01-22","https://www.reuters.com/world/americas/colombia-suspends-electricity-sales-imposes-30-tariff-ecuador-escalating-trade-2026-01-22/","","Colombia also cited domestic electricity-supply protection; the interruption should not be assigned a single motive.","2026-09-08","Selected major events and indicator releases through 2026-09-08; not exhaustive. Blank means not reported in cited source. Country listing does not imply belligerency. Analytical implications, mechanisms and direction are judgments, not WWIII criteria or probabilities."
"GCI2026-008","2026-01-27","Event or announcement date","Europe and South Asia","India","European Union","Trade integration and diplomacy","Diplomatic agreement","EU and India conclude trade negotiations and sign security partnership","The summit concluded free-trade negotiations and signed an EU-India security and defence partnership.","","The parties expanded their strategic relationship.","","Cooperation across trade and security diversifies partnerships; it does not establish a mutual-defence alliance.","Institutional cooperation; economic interdependence; balancing","Mixed","","","","","","","Primary institutional statement or assessment; see limitations","European Council","2026-01-27","https://www.consilium.europa.eu/en/meetings/international-summit/2026/01/27/","","Conclusion of negotiations does not mean the trade agreement was already in force.","2026-09-08","Selected major events and indicator releases through 2026-09-08; not exhaustive. Blank means not reported in cited source. Country listing does not imply belligerency. Analytical implications, mechanisms and direction are judgments, not WWIII criteria or probabilities."
"GCI2026-009","2026-01-30","Event or announcement date","Middle East","Syria; United States; France; Turkey","Syrian Democratic Forces; Syrian government","Diplomacy and crisis management","Ceasefire and integration agreement","Syrian government and Kurdish-led forces agree integration framework","Damascus and the SDF announced a ceasefire and phased integration of military and governing structures.","","The agreement proposed incorporating Kurdish-led institutions into the Syrian state.","","Integration can reduce fragmentation, but implementation depends on credible protection and security commitments.","Commitment problems; state capacity; mediation","De-escalatory","","","","","","","News reporting; claims remain attributed where indicated","Reuters","2026-01-30","https://www.reuters.com/world/middle-east/syrian-kurdish-led-sdf-agree-ceasefire-phased-integration-deal-with-government-2026-01-30/","","Agreement does not establish completed integration or a durable nationwide peace.","2026-09-08","Selected major events and indicator releases through 2026-09-08; not exhaustive. Blank means not reported in cited source. Country listing does not imply belligerency. Analytical implications, mechanisms and direction are judgments, not WWIII criteria or probabilities."
"GCI2026-010","2026-02-05","Event or announcement date","Global","United States; Russia","","Nuclear weapons and arms control","Treaty expiry","New START expires","The bilateral strategic nuclear arms-limitation treaty expired in February 2026.","","Its treaty-based numerical framework ceased to bind the two states.","","Reduced predictability about future arsenals can intensify worst-case planning and arms competition.","Commitment problems; security dilemma; information uncertainty","Escalatory","","","","","","","Primary institutional statement or assessment; see limitations","United Nations Secretary-General","2026-02-05","https://www.un.org/sg/en/content/sg/statements/2026-02-05/statement-the-secretary-general-the-occasion-of-the-expiration-of-the-treaty-measures-for-the-further-reduction-and-limitation-of-strategic-offensive-arms-%28new-start%29","https://www.sipri.org/media/press-release/2026/increasing-focus-nuclear-weapons-amid-heightened-escalation-risks-new-sipri-yearbook-out-now","Expiry does not itself demonstrate an immediate increase in deployed warheads. Inspections and implementation had already been disrupted before 2026.","2026-09-08","Selected major events and indicator releases through 2026-09-08; not exhaustive. Blank means not reported in cited source. Country listing does not imply belligerency. Analytical implications, mechanisms and direction are judgments, not WWIII criteria or probabilities."
"GCI2026-011","2026-02-20","Event or announcement date","Global","United States","U.S. Supreme Court; trading partners","Domestic institutions and legitimacy","Judicial ruling","U.S. Supreme Court rejects emergency-law global tariffs","The Supreme Court struck down the administration's sweeping tariffs imposed under an emergency-powers law.","The ruling affected major import duties and created refund and policy questions.","The judiciary constrained this use of presidential economic authority.","","Institutional checks can limit coercive policy, although governments may pursue alternative legal instruments.","Domestic institutions; economic coercion","Mixed","","","","","","","News reporting; claims remain attributed where indicated","Reuters","2026-02-20","https://www.reuters.com/legal/government/us-supreme-court-rejects-trumps-global-tariffs-2026-02-20/","","The ruling did not abolish all U.S. tariffs or prevent replacement measures under other authorities.","2026-09-08","Selected major events and indicator releases through 2026-09-08; not exhaustive. Blank means not reported in cited source. Country listing does not imply belligerency. Analytical implications, mechanisms and direction are judgments, not WWIII criteria or probabilities."
"GCI2026-012","2026-02-24","Publication or assessment date; reference period may differ","Horn of Africa","Somalia","Somali government; UN agencies","Food security and climate stress","Assessment release","Somalia hunger assessment warns of severe deterioration","The government and UN agencies warned that nearly 6.5 million people faced high levels of hunger amid worsening drought.","","","More than 1.8 million children faced acute malnutrition, according to the assessment.","Food stress can compound displacement and state fragility; it is not evidence that interstate war is inevitable.","State capacity; resource stress; humanitarian vulnerability","Contextual","People facing high levels of hunger","6500000","people","2026 assessment","Estimate","approximately","Primary institutional statement or assessment; see limitations","World Food Programme","2026-02-24","https://www.wfp.org/news/somalias-humanitarian-crisis-worsening-65-million-people-facing-high-levels-hunger-federal","","Assessment figures are estimates; hunger and child-malnutrition populations overlap and must not be added.","2026-09-08","Selected major events and indicator releases through 2026-09-08; not exhaustive. Blank means not reported in cited source. Country listing does not imply belligerency. Analytical implications, mechanisms and direction are judgments, not WWIII criteria or probabilities."
"GCI2026-013","2026-02-27","Event or announcement date","South Asia","Pakistan; Afghanistan","Taliban authorities","Interstate combat and intervention","Military action","Pakistan strikes Afghanistan as cross-border conflict intensifies","Pakistan conducted air and ground strikes inside Afghanistan. Taliban authorities indicated willingness to negotiate.","","Pakistan's defence minister described the confrontation as open war.","","Cross-border militant disputes can escalate into direct interstate fighting even while negotiations remain possible.","Security dilemma; proxy support; escalation","Escalatory","","","","","","","News reporting; claims remain attributed where indicated","Reuters","2026-02-27","https://www.reuters.com/world/asia-pacific/pakistan-strikes-afghanistan-targets-clashes-intensify-2026-02-27/","","Both sides issued conflicting casualty claims; no combined toll is adopted here.","2026-09-08","Selected major events and indicator releases through 2026-09-08; not exhaustive. Blank means not reported in cited source. Country listing does not imply belligerency. Analytical implications, mechanisms and direction are judgments, not WWIII criteria or probabilities."
"GCI2026-014","2026-02-28","Event or announcement date","Middle East","United States; Iran; Israel","U.S. Central Command; Islamic Revolutionary Guard Corps","Interstate combat and intervention","Military action","U.S. launches Operation Epic Fury against Iran","CENTCOM announced the start of a campaign against Iranian military targets on February 28.","","The operation established direct U.S. participation in the new campaign against Iran.","","Direct intervention raises risks of retaliation against bases, partners and maritime routes.","Preventive-war logic; escalation; alliance entanglement","Escalatory","","","","","","","Primary institutional statement or assessment; see limitations","U.S. Central Command","2026-02-28","https://www.centcom.mil/MEDIA/PUBLIC-RELEASES/Article/4418396/us-forces-launch-operation-epic-fury/","","CENTCOM is a belligerent source. Its claims about imminent threats or operational success are not independently adopted.","2026-09-08","Selected major events and indicator releases through 2026-09-08; not exhaustive. Blank means not reported in cited source. Country listing does not imply belligerency. Analytical implications, mechanisms and direction are judgments, not WWIII criteria or probabilities."
"GCI2026-015","2026-03-02","Event or announcement date","Europe","France; Germany; United Kingdom","European security partners","Nuclear weapons and arms control","Policy announcement","France announces expanded nuclear deterrence policy","Macron announced an increase in France's nuclear arsenal and an end to public disclosure of its size.","","France advanced discussions on a broader European role for its deterrent.","","The policy combines deterrence reassurance with reduced transparency and possible arms-race effects.","Security dilemma; balancing; alliance reassurance","Mixed","","","","","","","Primary institutional statement or assessment; see limitations","Presidency of France","2026-03-02","https://www.elysee.fr/emmanuel-macron/2026/03/02/deplacement-sur-la-base-operationnelle-de-lile-longue","https://www.sipri.org/media/press-release/2026/increasing-focus-nuclear-weapons-amid-heightened-escalation-risks-new-sipri-yearbook-out-now","An announced increase is not a verified count of newly produced or deployed warheads.","2026-09-08","Selected major events and indicator releases through 2026-09-08; not exhaustive. Blank means not reported in cited source. Country listing does not imply belligerency. Analytical implications, mechanisms and direction are judgments, not WWIII criteria or probabilities."
"GCI2026-016","2026-03-10","Publication or assessment date; reference period may differ","Global","Iran; Oman","UNCTAD; energy and fertilizer importers","Energy and maritime chokepoints","Assessment release","UNCTAD warns of Hormuz trade spillovers","UNCTAD identified risks from shipping disruptions to energy, fertilizers and vulnerable economies.","The assessment linked the disruption to commodity-market and transport exposure.","","","A regional chokepoint can transmit costs to distant food systems and import-dependent economies.","Resource security; economic interdependence; conflict spillovers","Escalatory","","","","","","","Primary institutional statement or assessment; see limitations","UN Trade and Development (UNCTAD)","2026-03-10","https://unctad.org/news/hormuz-shipping-disruptions-raise-risks-energy-fertilizers-and-vulnerable-economies","","The assessment describes exposure and risks; it does not measure every country's realized loss.","2026-09-08","Selected major events and indicator releases through 2026-09-08; not exhaustive. Blank means not reported in cited source. Country listing does not imply belligerency. Analytical implications, mechanisms and direction are judgments, not WWIII criteria or probabilities."
"GCI2026-017","2026-03-11","Event or announcement date","Global","Multiple countries","32 IEA member countries","Energy and maritime chokepoints","Emergency policy action","IEA members agree record emergency oil-stock release","IEA members unanimously agreed to make 400 million barrels of emergency oil available in response to Middle East disruptions.","The announcement provided a coordinated buffer against interrupted supply.","","","Emergency stocks can soften a shock, but repeated drawdowns reduce future cushioning capacity.","Collective action; resource security","De-escalatory","Oil made available under agreement","400","million barrels","2026 collective action","Announced","exact","Primary institutional statement or assessment; see limitations","International Energy Agency","2026-03-11","https://www.iea.org/news/iea-member-countries-to-carry-out-largest-ever-oil-stock-release-amid-market-disruptions-from-middle-east-conflict","","Agreed availability is not the same as barrels already delivered to the market.","2026-09-08","Selected major events and indicator releases through 2026-09-08; not exhaustive. Blank means not reported in cited source. Country listing does not imply belligerency. Analytical implications, mechanisms and direction are judgments, not WWIII criteria or probabilities."
"GCI2026-018","2026-03-16","Event or announcement date","Europe","Russia","European Union; EU member states; Russian proxies","Cyber and hybrid activity","Policy adoption","EU strengthens coordinated response to hybrid threats","The Council adopted conclusions on countering hybrid campaigns and condemned Russian and proxy activity.","","The policy reaffirmed coordinated use of the EU's hybrid and cyber-diplomacy instruments.","","Sabotage and information operations can erode trust below the threshold of sustained open warfare.","Information manipulation; coercion; security dilemma","Mixed","","","","","","","Primary institutional statement or assessment; see limitations","Council of the European Union","2026-03-16","https://www.consilium.europa.eu/en/press/press-releases/2026/03/16/council-adopts-conclusions-on-advancing-the-eu-s-capacity-to-counter-hybrid-threats/","","The Council's attribution is an official position; the policy release is not a catalogue independently verifying each alleged incident.","2026-09-08","Selected major events and indicator releases through 2026-09-08; not exhaustive. Blank means not reported in cited source. Country listing does not imply belligerency. Analytical implications, mechanisms and direction are judgments, not WWIII criteria or probabilities."
"GCI2026-019","2026-03-17","Publication or assessment date; reference period may differ","Global","Multiple countries","World Food Programme; vulnerable food-importing populations","Food security and climate stress","Scenario forecast release","WFP models additional hunger from prolonged Middle East war","WFP estimated almost 45 million additional people could enter acute food insecurity if fighting persisted to midyear and oil stayed above USD 100.","","","","Fuel and transport shocks can magnify humanitarian pressures far from the battlefield.","Economic spillovers; resource stress","Contextual","Additional people at risk under scenario","45000000","people","Conditional 2026 scenario","Forecast","approximately","Primary institutional statement or assessment; see limitations","World Food Programme","2026-03-17","https://www.wfp.org/news/wfp-projects-food-insecurity-could-reach-record-levels-result-middle-east-escalation","","Conditional March forecast, not an observed September count. The scenario conditions and later outcomes must be checked separately.","2026-09-08","Selected major events and indicator releases through 2026-09-08; not exhaustive. Blank means not reported in cited source. Country listing does not imply belligerency. Analytical implications, mechanisms and direction are judgments, not WWIII criteria or probabilities."
"GCI2026-020","2026-03-19","Publication or assessment date; reference period may differ","Global","Multiple countries","Freedom House","Domestic institutions and legitimacy","Retrospective data release","Freedom House reports twentieth consecutive annual freedom decline","The 2026 report assessed 2025: 54 countries deteriorated in rights and liberties, while 35 improved.","","The assessment identified continued global erosion of political freedoms.","","Weaker accountability can affect leaders' incentives and information quality, but this index is not a war predictor.","Domestic political incentives; information quality","Contextual","Countries with declining freedom scores","54","countries","2025","Historical assessment","exact","Research dataset or assessment; methodology-specific","Freedom House","2026-03-19","https://freedomhouse.org/article/new-report-global-freedom-declined-20th-consecutive-year-2025","","Published in 2026 but measures 2025. Freedom House uses its own normative scoring methodology.","2026-09-08","Selected major events and indicator releases through 2026-09-08; not exhaustive. Blank means not reported in cited source. Country listing does not imply belligerency. Analytical implications, mechanisms and direction are judgments, not WWIII criteria or probabilities."
"GCI2026-021","2026-03-19","Publication or assessment date; reference period may differ","Global","Multiple countries","World Trade Organization","Macroeconomic and financial conditions","Forecast release","WTO forecasts slower trade with downside from energy shocks","WTO forecast 1.9 percent merchandise-trade growth in its baseline and 1.4 percent in a sustained high-energy-price scenario.","The baseline excluded the modeled energy-price shock.","","","Lower trade growth narrows economic gains from cooperation and raises pressure on import-dependent states.","Economic interdependence; resource shocks","Contextual","Baseline merchandise-trade volume growth","1.9","percent","2026","Forecast","exact","Primary institutional statement or assessment; see limitations","World Trade Organization","2026-03-19","https://www.wto.org/english/news_e/news26_e/stat_19mar26_329_e.htm","","Forecasts are scenario-dependent, not realized annual growth. WTO and IMF global-growth measures are not interchangeable.","2026-09-08","Selected major events and indicator releases through 2026-09-08; not exhaustive. Blank means not reported in cited source. Country listing does not imply belligerency. Analytical implications, mechanisms and direction are judgments, not WWIII criteria or probabilities."
"GCI2026-022","2026-04-07","Publication or assessment date; reference period may differ","North America and Middle East","United States; Iran","FBI; CISA; NSA; EPA; DOE; Iran-affiliated cyber actors","Cyber and hybrid activity","Security advisory release","U.S. agencies warn of Iranian-affiliated attacks on industrial controllers","A joint advisory described exploitation of programmable logic controllers across U.S. critical infrastructure.","Some victims experienced operational disruption and financial loss, according to the advisory.","","","Cyber operations can extend conflict into civilian infrastructure without conventional attacks on U.S. territory.","Asymmetric coercion; conflict spillovers","Escalatory","","","","","","","Primary institutional statement or assessment; see limitations","FBI; CISA; NSA; EPA; DOE; USCYBERCOM","2026-04-07","https://www.ic3.gov/CSA/2026/260407.pdf","","Attribution is the agencies' assessment. The advisory does not establish that every targeted organization suffered disruption.","2026-09-08","Selected major events and indicator releases through 2026-09-08; not exhaustive. Blank means not reported in cited source. Country listing does not imply belligerency. Analytical implications, mechanisms and direction are judgments, not WWIII criteria or probabilities."
"GCI2026-023","2026-04-14","Publication or assessment date; reference period may differ","Global","Multiple countries","International Monetary Fund","Macroeconomic and financial conditions","Forecast release","IMF revises outlook under Middle East war shock","The April outlook projected global growth of 3.1 percent in 2026 under an assumption of limited conflict.","The IMF identified higher commodity prices, inflation pressure and tighter financial conditions.","","","A prolonged shock could reduce fiscal room and intensify distributional disputes within importing countries.","Economic shocks; domestic political incentives","Contextual","Global real GDP growth","3.1","percent","2026","Forecast","exact","Primary institutional statement or assessment; see limitations","International Monetary Fund","2026-04-14","https://www.imf.org/en/publications/weo/issues/2026/04/14/world-economic-outlook-april-2026","","April forecast vintage; superseded by later forecasts and not a realized annual result.","2026-09-08","Selected major events and indicator releases through 2026-09-08; not exhaustive. Blank means not reported in cited source. Country listing does not imply belligerency. Analytical implications, mechanisms and direction are judgments, not WWIII criteria or probabilities."
"GCI2026-024","2026-04-15","Publication or assessment date; reference period may differ","Global","Multiple countries","International Monetary Fund","Macroeconomic and financial conditions","Assessment and forecast release","IMF warns of rising public debt and spending pressures","The Fiscal Monitor estimated global public debt just below 94 percent of GDP in 2025 and projected 100 percent by 2029.","Defence, social spending and interest costs were identified as pressures on public finances.","","","High debt can limit responses to energy and security shocks and sharpen budget trade-offs.","Fiscal capacity; domestic political incentives","Contextual","Global public debt relative to GDP","94","percent of GDP","2025","Historical estimate","just below","Primary institutional statement or assessment; see limitations","International Monetary Fund","2026-04-15","https://www.imf.org/en/publications/fm/issues/2026/04/15/fiscal-monitor-april-2026","","The 2025 estimate and 2029 forecast are distinct; this row records their April 2026 publication.","2026-09-08","Selected major events and indicator releases through 2026-09-08; not exhaustive. Blank means not reported in cited source. Country listing does not imply belligerency. Analytical implications, mechanisms and direction are judgments, not WWIII criteria or probabilities."
"GCI2026-025","2026-04-18","Event or announcement date","Indo-Pacific","Japan; Australia","Mitsubishi Heavy Industries; Royal Australian Navy","Alliances and military capacity","Procurement contract","Australia and Japan sign major frigate contracts","The countries signed contracts initiating a warship program valued at about AUD 10 billion.","The program allocates shipbuilding work to Japan and Australia.","The deal deepened bilateral defence-industrial cooperation.","","Expanded naval capability supports deterrence but can also reinforce competitive military planning.","Balancing; security dilemma; alliance cooperation","Mixed","Reported program value","10","AUD billion","Multiyear program; contracts signed 2026","Announced","approximately","News reporting; claims remain attributed where indicated","Reuters","2026-04-18","https://www.reuters.com/world/china/australia-japan-sign-contracts-start-7-billion-warship-deal-2026-04-18/","","Program value is not 2026 expenditure; deliveries are scheduled for later years.","2026-09-08","Selected major events and indicator releases through 2026-09-08; not exhaustive. Blank means not reported in cited source. Country listing does not imply belligerency. Analytical implications, mechanisms and direction are judgments, not WWIII criteria or probabilities."
"GCI2026-026","2026-04-23","Event or announcement date","Europe and Global","Russia; Ukraine","European Union; targeted energy and financial entities","Trade coercion and sanctions","Sanctions adoption","EU adopts twentieth Russia sanctions package","The Council adopted additional restrictions targeting energy, the military-industrial sector, trade and financial services.","Measures included 36 energy-sector designations.","The package extended economic pressure over Russia's war against Ukraine.","","Sanctions seek to constrain war resources but can encourage trade rerouting and alternative financial channels.","Economic coercion; resource constraints","Mixed","Energy-sector designations in package","36","designations","2026-04 package","Observed policy count","exact","Primary institutional statement or assessment; see limitations","Council of the European Union","2026-04-23","https://www.consilium.europa.eu/en/press/press-releases/2026/04/23/russia-s-war-of-aggression-against-ukraine-20th-round-of-stern-eu-sanctions-hits-energy-military-industrial-complex-trade-and-financial-services-including-crypto/","","Designations are not a measure of revenue lost or sanctions effectiveness.","2026-09-08","Selected major events and indicator releases through 2026-09-08; not exhaustive. Blank means not reported in cited source. Country listing does not imply belligerency. Analytical implications, mechanisms and direction are judgments, not WWIII criteria or probabilities."
"GCI2026-027","2026-04-25","Event or announcement date","Sahel","Mali","Malian armed forces; al-Qaeda-linked militants","Non-state conflict and state capacity","Military action","Coordinated insurgent attacks hit Malian army positions","Large attacks targeted positions near Bamako and in northern cities; al-Qaeda-linked militants claimed responsibility.","","The attacks challenged the military authorities' security control.","","Coordinated attacks across distant sites indicate pressure on state capacity and raise risks to transport and economic activity.","State capacity; insurgency; regional spillovers","Escalatory","","","","","","","News reporting; claims remain attributed where indicated","Reuters","2026-04-25","https://www.reuters.com/world/africa/loud-blasts-gunfire-heard-near-malis-main-military-camp-reuters-witness-says-2026-04-25/","","The army's claimed assailant deaths are not treated as independently verified casualties.","2026-09-08","Selected major events and indicator releases through 2026-09-08; not exhaustive. Blank means not reported in cited source. Country listing does not imply belligerency. Analytical implications, mechanisms and direction are judgments, not WWIII criteria or probabilities."
"GCI2026-028","2026-04-27","Publication or assessment date; reference period may differ","Global","Multiple countries","SIPRI","Alliances and military capacity","Retrospective data release","SIPRI reports another annual increase in world military spending","SIPRI estimated 2025 military expenditure at USD 2,887 billion, a 2.9 percent real increase and the eleventh successive annual rise.","The release measures resources devoted to military activity.","","","Persistent rearmament can reflect both deterrence needs and reinforcing arms competition.","Security dilemma; balancing; fiscal trade-offs","Contextual","World military expenditure","2887","USD billion","2025","Historical estimate","exact","Research dataset or assessment; methodology-specific","SIPRI","2026-04-27","https://www.sipri.org/publications/2026/sipri-fact-sheets/trends-world-military-expenditure-2025","","These are 2025 spending estimates published in April 2026, not 2026 spending. The dollar total and real growth rate use different measurement conventions.","2026-09-08","Selected major events and indicator releases through 2026-09-08; not exhaustive. Blank means not reported in cited source. Country listing does not imply belligerency. Analytical implications, mechanisms and direction are judgments, not WWIII criteria or probabilities."
"GCI2026-029","2026-04-28","Publication or assessment date; reference period may differ","Global","Multiple countries","World Bank; commodity importers and exporters","Macroeconomic and financial conditions","Forecast release","World Bank forecasts sharp rise in energy prices","The Commodity Markets Outlook projected energy prices to rise 24 percent in 2026 and overall commodity prices 16 percent.","The outlook connected the forecasts to the Middle East supply shock.","","","The same price rise can benefit exporters while worsening inflation, external balances and subsidies for importers.","Resource shocks; economic interdependence","Contextual","Annual energy-price increase","24","percent","2026","Forecast","exact","Primary institutional statement or assessment; see limitations","World Bank","2026-04-28","https://www.worldbank.org/en/news/press-release/2026/04/28/commodity-markets-outlook-april-2026-press-release","","Forecast as of April 28; not a September spot price or realized full-year inflation rate.","2026-09-08","Selected major events and indicator releases through 2026-09-08; not exhaustive. Blank means not reported in cited source. Country listing does not imply belligerency. Analytical implications, mechanisms and direction are judgments, not WWIII criteria or probabilities."
"GCI2026-030","2026-04-30","Publication or assessment date; reference period may differ","East Africa","South Sudan","Government and opposition forces; UN OCHA","Humanitarian consequences","Situation report","Fighting damages health infrastructure in Jonglei","OCHA reported at least 33 health facilities destroyed, looted or damaged in conflict-affected Jonglei areas.","","","The damage reduced access to health services.","Loss of basic services deepens displacement pressures and weakens the capacity to stabilize conflict-affected communities.","State capacity; humanitarian vulnerability","Escalatory","Health facilities destroyed, looted or damaged","33","facilities","Cumulative as reported 2026-04-30","Reported estimate","at least","Primary institutional statement or assessment; see limitations","UN OCHA","2026-04-30","https://www.unocha.org/publications/report/south-sudan/south-sudan-humanitarian-update-18-30-april-2026","","The count spans the report's cumulative conflict context, not necessarily incidents occurring only during April 18-30.","2026-09-08","Selected major events and indicator releases through 2026-09-08; not exhaustive. Blank means not reported in cited source. Country listing does not imply belligerency. Analytical implications, mechanisms and direction are judgments, not WWIII criteria or probabilities."
"GCI2026-031","2026-05-01","Event or announcement date","South America","Ecuador; Colombia","","Trade coercion and sanctions","Tariff implementation","Ecuador-Colombia tariff dispute escalates","Ecuador's announced 100 percent tariff took effect; Colombia formalized differentiated retaliatory rates on about 190 products.","Business groups reported a collapse in bilateral trade.","The dispute further strained bilateral relations.","","Reciprocal tariff escalation can amplify domestic pressure while reducing incentives for cooperative border management.","Economic coercion; retaliatory escalation","Escalatory","Ecuador's announced tariff rate","100","percent","Effective 2026-05-01","Reported policy","exact","News reporting; claims remain attributed where indicated","Reuters","2026-05-01","https://www.reuters.com/world/americas/colombia-ecuador-trade-collapsing-tariff-war-intensifies-business-groups-say-2026-05-01/","","Reuters noted uncertainty about the products covered by Ecuador's measure; do not apply this rate to every transaction.","2026-09-08","Selected major events and indicator releases through 2026-09-08; not exhaustive. Blank means not reported in cited source. Country listing does not imply belligerency. Analytical implications, mechanisms and direction are judgments, not WWIII criteria or probabilities."
"GCI2026-032","2026-05-01","Event or announcement date","Europe and South America","Argentina; Brazil; Paraguay; Uruguay","European Union","Trade integration and diplomacy","Agreement implementation","EU-Mercosur interim trade agreement begins provisional application","The European Commission records provisional application of the interim trade agreement from May 1.","The trade framework began operating provisionally.","","","Rules-based trade integration is a counter-indicator to a narrative of universal economic fragmentation.","Economic interdependence; institutional cooperation","De-escalatory","","","","","","","Primary institutional statement or assessment; see limitations","European Commission","","https://policy.trade.ec.europa.eu/eu-trade-relationships-country-and-region/countries-and-regions/mercosur/eu-mercosur-agreement_en","","Provisional application of the interim agreement is different from full ratification of the broader partnership agreement.","2026-09-08","Selected major events and indicator releases through 2026-09-08; not exhaustive. Blank means not reported in cited source. Country listing does not imply belligerency. Analytical implications, mechanisms and direction are judgments, not WWIII criteria or probabilities."
"GCI2026-033","2026-05-07","Event or announcement date","Southeast Asia","Thailand; Cambodia; Philippines","ASEAN","Diplomacy and crisis management","Diplomatic meeting","Thailand and Cambodia commit to trust-building measures","Leaders met at an ASEAN gathering and agreed to pursue trust-building and normalization after the previous year's border fighting.","","The meeting supported an existing fragile ceasefire.","","Regional mediation and communication can reduce misperception around contested borders.","Information exchange; territorial bargaining; mediation","De-escalatory","","","","","","","News reporting; claims remain attributed where indicated","Reuters","2026-05-07","https://www.reuters.com/world/asia-pacific/thai-cambodian-leaders-meet-asean-sidelines-amid-uneasy-truce-2026-05-07/","","The meeting did not resolve every boundary issue or establish that displaced people could safely return.","2026-09-08","Selected major events and indicator releases through 2026-09-08; not exhaustive. Blank means not reported in cited source. Country listing does not imply belligerency. Analytical implications, mechanisms and direction are judgments, not WWIII criteria or probabilities."
"GCI2026-034","2026-05-07","Publication or assessment date; reference period may differ","Latin America and Caribbean","United States; Cuba","UN independent experts; oil suppliers","Energy and maritime chokepoints","Assessment release","UN experts warn of humanitarian effects of Cuba fuel restrictions","UN experts criticized U.S. measures threatening tariffs on countries supplying Cuba with oil.","The experts linked fuel restrictions to severe development pressures.","","They warned of serious human-rights consequences.","Energy coercion can transmit political pressure through civilian services and livelihoods.","Economic coercion; resource security; humanitarian vulnerability","Escalatory","","","","","","","News reporting; claims remain attributed where indicated","Reuters / UN experts","2026-05-07","https://www.reuters.com/legal/government/un-experts-warn-us-fuel-blockade-cuba-puts-human-rights-risk-2026-05-07/","","This row records the May assessment of measures initiated in January; it does not assign every Cuban economic problem to those measures.","2026-09-08","Selected major events and indicator releases through 2026-09-08; not exhaustive. Blank means not reported in cited source. Country listing does not imply belligerency. Analytical implications, mechanisms and direction are judgments, not WWIII criteria or probabilities."
"GCI2026-035","2026-05-14","Taiwan's response date; summit occurred in the preceding days","East Asia","United States; China; Taiwan","","Diplomacy and crisis management","Diplomatic response","Taiwan responds to U.S.-China summit","Taiwan said the Trump-Xi summit produced no surprises and urged China to stop military pressure. Xi warned of conflict risks over Taiwan.","","High-level U.S.-China dialogue continued alongside unresolved sovereignty tensions.","","Leader-level contact can support crisis management without resolving the underlying commitment and sovereignty disputes.","Information exchange; territorial claims; commitment problems","Mixed","","","","","","","News reporting; claims remain attributed where indicated","Reuters","2026-05-14","https://www.reuters.com/world/china/taiwan-no-surprises-trump-xi-summit-china-should-end-military-pressure-2026-05-14/","","Dialogue is not a security guarantee, a peace treaty or evidence that military pressure ended.","2026-09-08","Selected major events and indicator releases through 2026-09-08; not exhaustive. Blank means not reported in cited source. Country listing does not imply belligerency. Analytical implications, mechanisms and direction are judgments, not WWIII criteria or probabilities."
"GCI2026-036","2026-05-22","Event or announcement date","Global","Multiple countries","Nuclear Non-Proliferation Treaty states parties; United Nations","Nuclear weapons and arms control","Conference outcome","NPT review conference ends without consensus","The review conference ended without an agreed consensus outcome after four weeks of negotiations.","","States failed to agree on a common review document.","","Failure to agree weakens a diplomatic channel for addressing disarmament and non-proliferation disputes.","Institutional weakness; commitment problems","Escalatory","","","","","","","Primary institutional statement or assessment; see limitations","United Nations","2026-05-22","https://press.un.org/en/2026/dc3912.doc.htm","https://www.sipri.org/media/press-release/2026/increasing-focus-nuclear-weapons-amid-heightened-escalation-risks-new-sipri-yearbook-out-now","Failure of a review conference does not terminate the NPT or establish that all states have abandoned their treaty obligations.","2026-09-08","Selected major events and indicator releases through 2026-09-08; not exhaustive. Blank means not reported in cited source. Country listing does not imply belligerency. Analytical implications, mechanisms and direction are judgments, not WWIII criteria or probabilities."
"GCI2026-037","2026-06-02","Publication or assessment date; reference period may differ","Global","Multiple countries","World Meteorological Organization","Food security and climate stress","Forecast release","WMO urges preparation for El Nino","WMO forecast an 80 percent likelihood of El Nino during June-August 2026.","","","","Seasonal climate risks can compound food and energy shocks, particularly where conflict already limits adaptation.","Resource stress; humanitarian vulnerability","Contextual","Probability of El Nino","80","percent","2026-06 through 2026-08","Forecast","exact","Primary institutional statement or assessment; see limitations","World Meteorological Organization","2026-06-02","https://wmo.int/news/media-centre/wmo-prepare-el-nino","","A climate probability is not a probability of war; regional effects vary and later forecasts supersede this vintage.","2026-09-08","Selected major events and indicator releases through 2026-09-08; not exhaustive. Blank means not reported in cited source. Country listing does not imply belligerency. Analytical implications, mechanisms and direction are judgments, not WWIII criteria or probabilities."
"GCI2026-038","2026-06-08","Publication or assessment date; reference period may differ","Global","United States; Russia; United Kingdom; France; China; India; Pakistan; North Korea; Israel","SIPRI","Nuclear weapons and arms control","Data and assessment release","SIPRI publishes January 2026 nuclear inventory estimates","SIPRI estimated 12,187 total warheads, including about 9,745 in military stockpiles and 4,012 deployed.","","The report warned of increasing reliance on nuclear weapons and reduced transparency.","","Inventory and alert posture affect potential escalation consequences; they do not demonstrate that nuclear use is imminent.","Security dilemma; deterrence; information uncertainty","Contextual","Total global nuclear inventory","12187","warheads","2026-01","Estimate","approximately","Research dataset or assessment; methodology-specific","SIPRI","2026-06-08","https://www.sipri.org/media/press-release/2026/increasing-focus-nuclear-weapons-amid-heightened-escalation-risks-new-sipri-yearbook-out-now","","Total inventory includes retired warheads awaiting dismantlement; it is not the deployed-warhead count.","2026-09-08","Selected major events and indicator releases through 2026-09-08; not exhaustive. Blank means not reported in cited source. Country listing does not imply belligerency. Analytical implications, mechanisms and direction are judgments, not WWIII criteria or probabilities."
"GCI2026-039","2026-06-09","Publication or assessment date; reference period may differ","Global","Multiple countries","Uppsala Conflict Data Program","Conflict incidence and internationalization","Retrospective data release","UCDP reports record state-based conflict count for 2025","UCDP recorded 65 state-based conflicts in 2025, including eight interstate conflicts and thirteen conflicts reaching war intensity.","","The release documented a rise in interstate conflict within its dataset.","","The figures provide background to 2026 escalation concerns but cannot establish a single connected world war.","Conflict diffusion; internationalization","Contextual","State-based conflicts","65","conflicts","2025","Historical dataset count","exact","Research dataset or assessment; methodology-specific","Uppsala University / UCDP","2026-06-09","https://www.uu.se/en/news/2026/2026-06-09-ucdp-record-number-of-conflicts-between-states","","2026 publication of 2025 data. Interstate conflicts and war-intensity conflicts are different classifications and should not be added.","2026-09-08","Selected major events and indicator releases through 2026-09-08; not exhaustive. Blank means not reported in cited source. Country listing does not imply belligerency. Analytical implications, mechanisms and direction are judgments, not WWIII criteria or probabilities."
"GCI2026-040","2026-06-11","Publication or assessment date; reference period may differ","Global","Multiple countries","UNHCR; displaced populations; host countries","Humanitarian consequences","Retrospective data release","UNHCR publishes global forced-displacement baseline","UNHCR reported 117.8 million forcibly displaced people worldwide at the end of 2025.","","","The figure describes a large population requiring protection and support.","Displacement affects host-country services and politics, but responses depend on institutions and policy choices.","Humanitarian vulnerability; domestic political pressures","Contextual","Forcibly displaced people worldwide","117800000","people","End of 2025","Historical estimate","approximately","Primary institutional statement or assessment; see limitations","UNHCR","2026-06-11","https://www.unhcr.org/us/about-unhcr/overview/figures-glance","","A stock of displaced people, not new displacement during 2026 or a death toll.","2026-09-08","Selected major events and indicator releases through 2026-09-08; not exhaustive. Blank means not reported in cited source. Country listing does not imply belligerency. Analytical implications, mechanisms and direction are judgments, not WWIII criteria or probabilities."
"GCI2026-041","2026-06-19","Event or announcement date","Middle East","Israel; Lebanon; United States; Qatar; Iran","Hezbollah","Diplomacy and crisis management","Ceasefire announcement","Israel-Hezbollah ceasefire announced with international mediation","A senior U.S. official said Israel and Hezbollah agreed to a ceasefire negotiated with U.S., Qatari and Iranian involvement.","","The agreement created a pause in a linked regional conflict.","","Mediation involving different partners can interrupt escalation across connected theaters.","Mediation; credible commitments; alliance management","De-escalatory","","","","","","","News reporting; claims remain attributed where indicated","Reuters","2026-06-19","https://www.reuters.com/world/middle-east/israeli-hezbollah-agree-ceasefire-starting-friday-us-official-2026-06-19/","","Attributed to a U.S. official. A ceasefire announcement is not proof of permanent compliance or a political settlement.","2026-09-08","Selected major events and indicator releases through 2026-09-08; not exhaustive. Blank means not reported in cited source. Country listing does not imply belligerency. Analytical implications, mechanisms and direction are judgments, not WWIII criteria or probabilities."
"GCI2026-042","2026-06-20","Publication date; report dated 2026-06-19","Middle East","Palestine; Israel","UN OCHA; Health Cluster","Humanitarian consequences","Situation report","Gaza health report describes dialysis-treatment shortages","OCHA reported a shortage of therapeutic erythropoietin affecting dialysis care.","","","More patients required blood transfusions, adding pressure to blood supplies and hospital capacity.","Prolonged disruption to medical supply systems creates harm extending beyond immediately recorded battle casualties.","Humanitarian vulnerability; state and service capacity","Contextual","","","","","","","Primary institutional statement or assessment; see limitations","UN OCHA occupied Palestinian territory","2026-06-20","https://www.ochaopt.org/content/humanitarian-situation-report-19-june-2026","","The shortage began before 2026. This row records its documented persistence, not a new June onset.","2026-09-08","Selected major events and indicator releases through 2026-09-08; not exhaustive. Blank means not reported in cited source. Country listing does not imply belligerency. Analytical implications, mechanisms and direction are judgments, not WWIII criteria or probabilities."
"GCI2026-043","2026-07-08","Publication or assessment date; reference period may differ","Global","Multiple countries","International Monetary Fund","Macroeconomic and financial conditions","Forecast release","IMF July update combines weaker growth and renewed inflation pressure","The IMF projected 3.0 percent global growth and 4.7 percent headline inflation for 2026.","The outlook described diverging effects across energy exporters, technology-linked economies and vulnerable importers.","","","The shock is uneven; a global average can conceal large differences in national resilience.","Resource shocks; economic interdependence; fiscal capacity","Contextual","Global real GDP growth","3","percent","2026","Forecast","exact","Primary institutional statement or assessment; see limitations","International Monetary Fund","2026-07-08","https://www.imf.org/-/media/files/publications/weo/2026/update/july/english/text.pdf","","July forecast vintage; not actual 2026 growth. Inflation and growth are separate measures.","2026-09-08","Selected major events and indicator releases through 2026-09-08; not exhaustive. Blank means not reported in cited source. Country listing does not imply belligerency. Analytical implications, mechanisms and direction are judgments, not WWIII criteria or probabilities."
"GCI2026-044","2026-07-08","Event or announcement date","Euro-Atlantic","United States; Canada; Turkey; European NATO member countries","NATO","Alliances and military capacity","Summit declaration","NATO announces new procurement and manufacturing commitments","The Ankara declaration announced more than USD 50 billion in new procurements and expanded collective manufacturing commitments.","The commitments support defence production and industrial capacity.","Allies reaffirmed a combined nuclear, conventional, missile, cyber and space posture.","","Capacity building can strengthen deterrence and create reciprocal threat perceptions.","Balancing; security dilemma; alliance cohesion","Mixed","New procurement commitments","50","USD billion","Announced 2026-07-08","Announced","more than","Primary institutional statement or assessment; see limitations","NATO","2026-07-08","https://www.nato.int/en/about-us/official-texts-and-resources/official-texts/2026/07/08/the-ankara-summit-declaration","","Commitments are not equivalent to completed deliveries, annual spending or a declaration of war.","2026-09-08","Selected major events and indicator releases through 2026-09-08; not exhaustive. Blank means not reported in cited source. Country listing does not imply belligerency. Analytical implications, mechanisms and direction are judgments, not WWIII criteria or probabilities."
"GCI2026-045","2026-07-21","Event or announcement date","Southeast Asia","China; Philippines","China Coast Guard; Philippine Navy","Interstate tensions and proxy support","Diplomatic confrontation","China and Philippines summon envoys after maritime encounter","The two governments summoned each other's representatives following a disputed South China Sea encounter.","","The parties issued conflicting accounts of responsibility.","","Repeated maritime encounters can create miscalculation and alliance-entanglement risks.","Territorial disputes; misperception; alliance entanglement","Escalatory","","","","","","","News reporting; claims remain attributed where indicated","Reuters","2026-07-21","https://www.reuters.com/world/china/china-summons-philippine-ambassador-over-south-china-sea-encounter-2026-07-21/","","Descriptions of ramming and attacks are disputed allegations; no finding of responsibility is made.","2026-09-08","Selected major events and indicator releases through 2026-09-08; not exhaustive. Blank means not reported in cited source. Country listing does not imply belligerency. Analytical implications, mechanisms and direction are judgments, not WWIII criteria or probabilities."
"GCI2026-046","2026-07-21","Publication or assessment date; reference period may differ","Global","Multiple countries","International Energy Agency; participating governments","Energy and maritime chokepoints","Implementation update","IEA reports substantial emergency-stock drawdown","The IEA reported 290 million barrels released since the March collective action.","Emergency inventories had supplied the market during prolonged disruption.","","","Drawdowns cushion current scarcity but reduce stocks available for subsequent shocks.","Collective action; resource security","Mixed","Emergency oil released","290","million barrels","2026-03-11 through report date","Reported estimate","exact","News reporting; claims remain attributed where indicated","Reuters / IEA","2026-07-21","https://www.reuters.com/business/energy/iea-says-members-have-released-290-million-barrels-oil-since-march-11-2026-07-21/","","Cumulative reported release is distinct from the original 400-million-barrel availability commitment.","2026-09-08","Selected major events and indicator releases through 2026-09-08; not exhaustive. Blank means not reported in cited source. Country listing does not imply belligerency. Analytical implications, mechanisms and direction are judgments, not WWIII criteria or probabilities."
"GCI2026-047","2026-07-25","Event or announcement date","Europe and East Asia","Ukraine; Russia; North Korea","","Conflict incidence and internationalization","Attributed allegation","Ukraine alleges plans for additional North Korean deployment","Zelenskiy said Russia intended to bring in 30,000 North Korean troops and was preparing to receive them.","","The statement highlighted potential expansion of external participation in the war.","","Additional foreign forces could deepen links between European and East Asian security dynamics.","Alliance entanglement; proxy support; conflict diffusion","Escalatory","Additional deployment alleged by Ukrainian president","30000","troops","Prospective deployment discussed 2026-07-25","Alleged plan","exact","Attributed claim or assessment; not independently established here","Reuters","2026-07-25","https://www.reuters.com/business/aerospace-defense/ukraines-zelenskiy-russia-wants-bring-30000-north-korean-troops-conflict-2026-07-25/","","This is a claimed future plan, not a verified count of arrivals. See the August 24 assessment for qualification.","2026-09-08","Selected major events and indicator releases through 2026-09-08; not exhaustive. Blank means not reported in cited source. Country listing does not imply belligerency. Analytical implications, mechanisms and direction are judgments, not WWIII criteria or probabilities."
"GCI2026-048","2026-07-31","Publication or assessment date; reference period may differ","Southeast Asia","Cambodia; Thailand","UN expert; displaced civilians","Humanitarian consequences","Assessment release","Displacement persists after Cambodia-Thailand fighting","A UN expert reported more than 20,000 Cambodian civilians still displaced along the Thai border.","","","Displacement continued despite a bilateral ceasefire.","A pause in fighting may leave unresolved security and livelihood barriers to return.","Territorial disputes; credible commitments; humanitarian vulnerability","Contextual","Cambodians still displaced","20000","people","As reported 2026-07-31","Reported estimate","more than","News reporting; claims remain attributed where indicated","Reuters / UN expert","2026-07-31","https://www.reuters.com/world/asia-pacific/over-20000-cambodians-still-displaced-along-thai-border-un-expert-says-2026-07-31/","","The displacement followed fighting in 2025; it is not a count of people newly displaced during July 2026.","2026-09-08","Selected major events and indicator releases through 2026-09-08; not exhaustive. Blank means not reported in cited source. Country listing does not imply belligerency. Analytical implications, mechanisms and direction are judgments, not WWIII criteria or probabilities."
"GCI2026-049","2026-08-24","Event or announcement date","Central Africa","Democratic Republic of the Congo; Rwanda; Qatar; Switzerland; United States","AFC/M23; ceasefire monitors","Diplomacy and crisis management","Monitoring deployment","Ceasefire monitors deploy in eastern Congo","Monitors deployed following a renewed roadmap for negotiations between the government and AFC/M23.","","The Doha process ran alongside U.S.-mediated Congo-Rwanda talks.","","Monitoring may improve information and compliance; parallel mediation tracks require coordination.","Commitment problems; monitoring; mediation","De-escalatory","","","","","","","News reporting; claims remain attributed where indicated","Reuters","2026-08-24","https://www.reuters.com/world/africa/ceasefire-monitors-deploy-eastern-congo-under-qatari-peace-deal-2026-08-24/","","Deployment does not prove an end to fighting. Hoped-for mining investment is not recorded as a realized economic gain.","2026-09-08","Selected major events and indicator releases through 2026-09-08; not exhaustive. Blank means not reported in cited source. Country listing does not imply belligerency. Analytical implications, mechanisms and direction are judgments, not WWIII criteria or probabilities."
"GCI2026-050","2026-08-24","Publication or assessment date; reference period may differ","Europe and East Asia","South Korea; North Korea; Russia; Ukraine","South Korean defence ministry; lawmaker's office","Conflict incidence and internationalization","Attributed assessment","South Korean assessment qualifies imminent-deployment claims","A lawmaker's office reported preparations for further North Korean deployments but no sign that a deployment was imminent.","","The assessment distinguished preparation from an immediate movement of troops.","","This qualifies earlier escalation claims and illustrates uncertainty about partners' military intentions.","Private information; alliance entanglement","Mixed","","","","","","","Attributed claim or assessment; not independently established here","Reuters","2026-08-24","https://www.reuters.com/business/aerospace-defense/north-korea-preparing-further-russia-troop-deployments-no-sign-move-imminent-2026-08-24/","","An attributed intelligence-related assessment is not independent verification of either deployment timing or troop numbers.","2026-09-08","Selected major events and indicator releases through 2026-09-08; not exhaustive. Blank means not reported in cited source. Country listing does not imply belligerency. Analytical implications, mechanisms and direction are judgments, not WWIII criteria or probabilities."
"GCI2026-051","2026-08-31","Publication or assessment date; reference period may differ","East Asia","China; Taiwan; United States","","Interstate tensions and proxy support","Defence assessment release","Taiwan warns of growing Chinese air and sea control","Taiwan described expanding Chinese military pressure nearby while the U.S. continued arms support and ambiguity about intervention.","","The assessment underscored unresolved cross-strait security tensions.","","Persistent pressure can shorten perceived decision time without constituting an invasion.","Security dilemma; territorial disputes; misperception","Escalatory","","","","","","","News reporting; claims remain attributed where indicated","Reuters","2026-08-31","https://www.reuters.com/business/aerospace-defense/taiwan-says-unpredictable-china-strengthens-air-sea-control-nearby-2026-08-31/","","The account is Taiwan's assessment. The row does not claim that a Chinese invasion or U.S.-China war had begun.","2026-09-08","Selected major events and indicator releases through 2026-09-08; not exhaustive. Blank means not reported in cited source. Country listing does not imply belligerency. Analytical implications, mechanisms and direction are judgments, not WWIII criteria or probabilities."
"GCI2026-052","2026-09-01","Event or announcement date","Middle East","United States; Iran","U.S. Central Command; Islamic Revolutionary Guard Corps","Interstate combat and intervention","Military action","U.S. reports renewed strikes on IRGC targets","CENTCOM released video and a statement reporting strikes on IRGC targets in Iran.","","The release documented continued direct U.S. combat participation.","","Repeated strikes create further opportunities for retaliation and maritime spillover.","Escalation; coercive bargaining","Escalatory","","","","","","","Primary institutional statement or assessment; see limitations","U.S. Central Command","2026-09-01","https://www.centcom.mil/MEDIA/PUBLIC-RELEASES/Article/4588389/centcom-completes-strikes-on-irgc-targets-in-iran/","","Belligerent-source account; damage and military effectiveness are not independently quantified.","2026-09-08","Selected major events and indicator releases through 2026-09-08; not exhaustive. Blank means not reported in cited source. Country listing does not imply belligerency. Analytical implications, mechanisms and direction are judgments, not WWIII criteria or probabilities."
"GCI2026-053","2026-09-03","Observation date; published 2026-09-04","Middle East and Global","Iran; Oman","Kpler; commercial shippers","Energy and maritime chokepoints","Market observation","Observed Hormuz commodity-vessel transits fall sharply","Kpler data reported by Reuters recorded four commodity vessels crossing on September 3, below a ten-day average of fifteen.","The count indicated constrained observable commercial movement through the chokepoint.","","","Persistent shipping restrictions can raise transport costs and disrupt access to energy and inputs.","Resource security; coercion; economic spillovers","Escalatory","Observed commodity-vessel transits","4","vessels","2026-09-03","Observed tracking count","exact","News reporting; claims remain attributed where indicated","Reuters / Kpler","2026-09-04","https://www.reuters.com/world/middle-east/gulf-shipping-traffic-via-hormuz-keeps-below-10-day-average-data-shows-2026-09-04/","","The count excludes vessels with tracking transponders disabled and is not a count of all vessel types.","2026-09-08","Selected major events and indicator releases through 2026-09-08; not exhaustive. Blank means not reported in cited source. Country listing does not imply belligerency. Analytical implications, mechanisms and direction are judgments, not WWIII criteria or probabilities."
"GCI2026-054","2026-09-03","Publication or assessment date; reference period may differ","Northeast Africa","Sudan; United Arab Emirates; Chad; Libya; Somalia; Colombia","Sudanese Armed Forces; Rapid Support Forces; UN fact-finding mission","Conflict incidence and internationalization","Investigation report","UN investigation links foreign networks and drones to Sudan war","UN investigators described foreign supply networks and more than 1,000 drone-attack deaths in the first half of 2026.","","","The report identified civilian harm and possible war crimes.","External financing, personnel and weapons can prolong civil wars and connect them to wider rivalries.","External support; conflict diffusion; state fragmentation","Escalatory","Deaths in drone attacks reported by investigators","1000","people","2026-01 through 2026-06","Reported estimate","more than","News reporting; claims remain attributed where indicated","Reuters / UN fact-finding mission","2026-09-03","https://www.reuters.com/world/americas/foreign-support-drones-fuel-sudan-war-possible-war-crimes-un-probe-says-2026-09-03/","","Named countries are associated with alleged networks, not all proven state sponsors. Relevant governments denied allegations; possible war crimes are not court judgments.","2026-09-08","Selected major events and indicator releases through 2026-09-08; not exhaustive. Blank means not reported in cited source. Country listing does not imply belligerency. Analytical implications, mechanisms and direction are judgments, not WWIII criteria or probabilities."
"GCI2026-055","2026-09-03","Publication or assessment date; reference period may differ","Global","Multiple countries","World Meteorological Organization","Food security and climate stress","Forecast update","WMO forecasts persistent and potentially very strong El Nino","WMO reported a near-certain likelihood that El Nino would persist through February 2027 and warned of extreme-weather risks.","","","","Climate shocks may interact with disrupted trade and food systems; effects vary substantially by region.","Resource stress; humanitarian vulnerability","Contextual","Likelihood El Nino persists","100","percent","Through 2027-02","Forecast","nearly","Primary institutional statement or assessment; see limitations","World Meteorological Organization","2026-09-03","https://wmo.int/news/media-centre/el-nino-set-become-very-strong-raising-risks-of-extreme-weather-2027","","The probability concerns El Nino persistence, not a particular disaster or armed conflict.","2026-09-08","Selected major events and indicator releases through 2026-09-08; not exhaustive. Blank means not reported in cited source. Country listing does not imply belligerency. Analytical implications, mechanisms and direction are judgments, not WWIII criteria or probabilities."
"GCI2026-056","2026-09-04","Publication or assessment date; reference period may differ","Global","United States; Ukraine; Multiple countries","FAO; European Union; food importers and producers","Food security and climate stress","Data release","FAO reports higher August food commodity prices","The FAO Food Price Index averaged 133.3 in August, rising 1.9 percent month-on-month and 2.5 percent year-on-year.","FAO cited weather risks, conflict and disrupted trade logistics.","","","Higher international food prices can worsen purchasing-power pressures where incomes and safety nets are weak.","Resource shocks; domestic economic pressures","Contextual","FAO Food Price Index","133.3","index points","2026-08","Observed index","exact","Primary institutional statement or assessment; see limitations","Food and Agriculture Organization","2026-09-04","https://www.fao.org/newsroom/detail/supply-concerns-drive-fao-food-price-index-higher/en","","International commodity index, not national grocery-price inflation. Weather and trade factors prevent attribution to war alone.","2026-09-08","Selected major events and indicator releases through 2026-09-08; not exhaustive. Blank means not reported in cited source. Country listing does not imply belligerency. Analytical implications, mechanisms and direction are judgments, not WWIII criteria or probabilities."
"GCI2026-057","2026-09-05","Event or announcement date","Middle East","United States; Iran","U.S. Central Command; Islamic Revolutionary Guard Corps","Interstate combat and intervention","Military action","U.S. reports strikes on three Iranian oil carriers","CENTCOM said it struck three Iranian crude-oil carriers after Iran targeted two U.S. Navy warships.","Oil-shipping assets were directly targeted.","","","Attacks on vessels link military confrontation to energy export capacity and navigation risk.","Retaliatory escalation; resource coercion","Escalatory","Oil carriers struck according to CENTCOM","3","vessels","2026-09-05","Belligerent claim","exact","Primary institutional statement or assessment; see limitations","U.S. Central Command","2026-09-05","https://www.centcom.mil/MEDIA/PUBLIC-RELEASES/Article/4591744/centcom-destroys-3-irgc-oil-tankers-after-iran-targets-2-us-navy-warships/","","The sequence, vessel affiliation and damage description are attributed to CENTCOM.","2026-09-08","Selected major events and indicator releases through 2026-09-08; not exhaustive. Blank means not reported in cited source. Country listing does not imply belligerency. Analytical implications, mechanisms and direction are judgments, not WWIII criteria or probabilities."
"GCI2026-058","2026-09-08","Event or announcement date","Europe and Middle East","France; Israel; Palestine; United Kingdom; Canada","","Trade coercion and sanctions","Policy announcement","France announces planned restrictions on settlement products","France announced plans to ban imports from Israeli settlements in the occupied West Bank.","","The government cited settlement expansion and threats to a two-state solution; EU-wide agreement remained difficult.","","Economic restrictions show diplomatic fragmentation around the conflict without establishing military participation.","Territorial disputes; economic coercion; institutional disagreement","Mixed","","","","","","","News reporting; claims remain attributed where indicated","Reuters","2026-09-08","https://www.reuters.com/world/europe/france-ban-products-israeli-settlements-west-bank-foreign-minister-2026-09-08/","","Implementation timing and detailed coverage were not settled in the cited report; this was not a blanket ban on Israeli goods.","2026-09-08","Selected major events and indicator releases through 2026-09-08; not exhaustive. Blank means not reported in cited source. Country listing does not imply belligerency. Analytical implications, mechanisms and direction are judgments, not WWIII criteria or probabilities."
"GCI2026-059","2026-09-08","Event or announcement date","Europe","Germany; Ukraine; Russia","NATO; European Union","Alliances and military capacity","Military-aid announcement","Germany announces additional Patriot interceptors for Ukraine","Germany announced urgent transfers of additional Patriot PAC-2 interceptors from national stocks.","","The announcement responded to concerns about intensified attacks on Ukrainian infrastructure.","","Air-defence support can protect civilians while drawing on finite donor inventories and linking allied defence planning.","Balancing; alliance support; resource constraints","Mixed","","","","","","","News reporting; claims remain attributed where indicated","Reuters","2026-09-08","https://www.reuters.com/business/aerospace-defense/germany-send-more-patriot-missiles-ukraine-warns-stepped-up-russian-winter-2026-09-08/","","An announcement is not proof of delivery. No unsupported missile quantity is assigned.","2026-09-08","Selected major events and indicator releases through 2026-09-08; not exhaustive. Blank means not reported in cited source. Country listing does not imply belligerency. Analytical implications, mechanisms and direction are judgments, not WWIII criteria or probabilities."
"GCI2026-060","2026-09-08","Page update date; not the onset date of the crisis","Latin America and Caribbean","Haiti","Armed gangs; International Rescue Committee","Humanitarian consequences","Situation assessment update","Haiti assessment documents large-scale displacement and hunger","The IRC's updated assessment reported nearly 1.5 million displaced people and about 5.8 million people lacking enough food.","","","Displacement, hunger and insecurity remained widespread.","Armed-group control and weak services can generate regional humanitarian and migration pressures without becoming interstate war.","State capacity; armed-group governance; humanitarian vulnerability","Contextual","People displaced","1500000","people","As reported in update 2026-09-08","Estimate","nearly","Primary institutional statement or assessment; see limitations","International Rescue Committee","2026-09-08","https://www.rescue.org/article/haitis-gang-violence-crisis-what-know-and-how-help","","Cumulative stock estimate. The displacement and hunger populations overlap and must not be added.","2026-09-08","Selected major events and indicator releases through 2026-09-08; not exhaustive. Blank means not reported in cited source. Country listing does not imply belligerency. Analytical implications, mechanisms and direction are judgments, not WWIII criteria or probabilities."
"GCI2026-061","2026-09-08","Event or announcement date","Middle East","Saudi Arabia; Yemen; Iran","Houthis; Saudi-led coalition; Aramco","Interstate combat and intervention","Cross-border armed attack","Houthi attacks hit Saudi cities and energy facilities","Saudi authorities reported Houthi attacks on cities and energy facilities, injuring 73 people.","Authorities reported fires and operational interruptions.","The coalition pledged a response.","","The attacks expand pressure on regional energy infrastructure and create further retaliation risks.","Proxy conflict; retaliatory escalation; resource targeting","Escalatory","People injured according to Saudi authorities","73","people","2026-09-08","Reported preliminary count","exact","News reporting; claims remain attributed where indicated","Reuters","2026-09-08","https://www.reuters.com/world/middle-east/saudi-led-coalition-yemen-says-73-injured-houthi-attacks-kingdom-2026-09-08/","","Preliminary official injury count. Iran's relationship with the Houthis does not establish its direction of this specific attack.","2026-09-08","Selected major events and indicator releases through 2026-09-08; not exhaustive. Blank means not reported in cited source. Country listing does not imply belligerency. Analytical implications, mechanisms and direction are judgments, not WWIII criteria or probabilities."
"GCI2026-062","2026-09-08","Event or announcement date","Global","Saudi Arabia; Yemen; Iran; United States","Global oil markets","Macroeconomic and financial conditions","Market observation","Oil rises after Saudi energy-site attacks","Reuters reported Brent at USD 97.70 per barrel during trading following the attacks.","Oil reached a six-week high amid renewed supply concerns.","","","Importers face inflation and external-balance pressure while some exporters gain revenue; impacts are uneven.","Resource shocks; economic spillovers","Contextual","Brent crude quoted price","97.7","USD per barrel","2026-09-08 intraday report","Observed market quote","exact","News reporting; claims remain attributed where indicated","Reuters","2026-09-08","https://www.reuters.com/business/energy/oil-rises-risks-prolonged-mideast-conflict-heighten-supply-worries-2026-09-08/","","Intraday quote, not a final daily close; prices may change after publication.","2026-09-08","Selected major events and indicator releases through 2026-09-08; not exhaustive. Blank means not reported in cited source. Country listing does not imply belligerency. Analytical implications, mechanisms and direction are judgments, not WWIII criteria or probabilities."
"GCI2026-063","2026-09-08","Event or announcement date","Europe","Russia; Ukraine; United States","U.S. peace envoys","Interstate combat and intervention","Military action","Russian strikes resume after temporary pause for U.S. envoys","Russia resumed attacks on Kyiv after the envoys' visit; Ukrainian authorities reported five deaths and nearly thirty injuries.","","","Residential and public infrastructure were hit, according to the report.","A temporary diplomatic pause did not establish a durable ceasefire or resolve bargaining disputes.","Commitment problems; coercive bargaining","Escalatory","Reported Kyiv fatalities","5","people","2026-09-08","Reported preliminary count","exact","News reporting; claims remain attributed where indicated","Reuters","2026-09-08","https://www.reuters.com/world/europe/russian-ballistic-missiles-hit-kyiv-us-envoys-leave-2026-09-08/","","Casualty reports may be revised. The figure is not a nationwide or cumulative war toll.","2026-09-08","Selected major events and indicator releases through 2026-09-08; not exhaustive. Blank means not reported in cited source. Country listing does not imply belligerency. Analytical implications, mechanisms and direction are judgments, not WWIII criteria or probabilities."
"GCI2026-064","2026-09-08","Event or announcement date","Middle East and Global","United States; Iran; Turkey; United Arab Emirates","U.S. Treasury; Iranian airlines; intermediaries","Trade coercion and sanctions","Sanctions announcement","U.S. expands sanctions targeting Iranian aviation networks","The United States announced 36 sanctions targets associated with Iran's aviation sector and procurement networks.","Restrictions targeted access to aircraft, technology and financial channels.","The action extended economic pressure during ongoing hostilities.","","Sanctions internationalize compliance pressures but do not make every affected country a belligerent.","Economic coercion; supply-chain restrictions","Mixed","Sanctions targets announced","36","targets","2026-09-08","Reported policy count","exact","News reporting; claims remain attributed where indicated","Reuters / U.S. Treasury","2026-09-08","https://www.reuters.com/business/aerospace-defense/us-issues-fresh-iran-related-sanctions-treasury-website-shows-2026-09-08/","","Targeted entities and alleged activities are identified by U.S. authorities; effectiveness and losses are not quantified.","2026-09-08","Selected major events and indicator releases through 2026-09-08; not exhaustive. Blank means not reported in cited source. Country listing does not imply belligerency. Analytical implications, mechanisms and direction are judgments, not WWIII criteria or probabilities."
"GCI2026-065","2026-09-08","Publication or assessment date; reference period may differ","Latin America and Caribbean","United States; Venezuela; China","Mining companies; U.S. officials","Critical minerals and strategic resources","Reported policy deliberation","U.S. explores wider access to Venezuelan minerals","Reuters reported U.S. efforts to expand access to Venezuelan minerals after the January intervention.","Officials were exploring investment and procurement opportunities.","The initiative was linked to strategic competition with China.","","Resource access and intervention can become intertwined in perceptions of great-power intentions.","Resource competition; power politics","Mixed","","","","","","","News reporting; claims remain attributed where indicated","Reuters","2026-09-08","https://www.reuters.com/world/americas/us-seeks-more-access-venezuelas-mineral-wealth-after-tapping-its-oil-sources-say-2026-09-08/","","Possible executive action and investor interest are not completed projects or verified reserve valuations.","2026-09-08","Selected major events and indicator releases through 2026-09-08; not exhaustive. Blank means not reported in cited source. Country listing does not imply belligerency. Analytical implications, mechanisms and direction are judgments, not WWIII criteria or probabilities."
"GCI2026-066","2026-09-08","Publication or assessment date; reference period may differ","Europe","Ukraine; Russia; United States","U.S. peace envoys; European partners","Diplomacy and crisis management","Diplomatic assessment","Ukraine reports promising ideas from renewed U.S. mediation","Zelenskiy described proposals from U.S. envoys positively after visits to Kyiv and Moscow, while no breakthrough was reported.","","Diplomatic engagement continued despite ongoing fighting.","","Continued negotiations are evidence that bargaining channels remain open, not proof that a settlement is near.","Mediation; information exchange; commitment problems","De-escalatory","","","","","","","News reporting; claims remain attributed where indicated","Reuters","2026-09-08","https://www.reuters.com/world/europe/zelenskiy-says-us-envoys-presented-decent-ideas-peace-talks-2026-09-08/","","Proposed future summits and meetings are not treated as completed events.","2026-09-08","Selected major events and indicator releases through 2026-09-08; not exhaustive. Blank means not reported in cited source. Country listing does not imply belligerency. Analytical implications, mechanisms and direction are judgments, not WWIII criteria or probabilities."
"GCI2026-067","2026-09-08","Publication or assessment date; reference period may differ","Global","Multiple countries","UNCTAD; small and medium-sized enterprises","Macroeconomic and financial conditions","Assessment release","UNCTAD warns Hormuz disruption threatens smaller businesses","UNCTAD warned that smaller firms were disproportionately exposed to Hormuz-related disruption.","The agency identified risks of exclusion from global supply chains and greater market concentration.","","","Unequal ability to absorb shipping shocks can concentrate economic power and weaken supply-chain resilience.","Economic interdependence; distributional pressures","Contextual","","","","","","","News reporting; claims remain attributed where indicated","Reuters / UNCTAD","2026-09-08","https://www.reuters.com/world/middle-east/hormuz-disruptions-hitting-small-businesses-hardest-un-trade-agency-warns-2026-09-08/","","A warning about potential structural effects is not a measured count of business closures.","2026-09-08","Selected major events and indicator releases through 2026-09-08; not exhaustive. Blank means not reported in cited source. Country listing does not imply belligerency. Analytical implications, mechanisms and direction are judgments, not WWIII criteria or probabilities."
